username,password,firstname,lastname,birth_date
maga,1337,Magzhan,Kadyrov,2004-02-13
Evita_Sacken,4605,Evita,Sacken,1997-01-10
Sandie_Edison,6953,Sandie,Edison,1976-10-02
Antonietta_Toffic,5673,Antonietta,Toffic,1946-06-05
Vivia_Waldron,2784,Vivia,Waldron,1987-05-21
Willetta_Gherardo,8477,Willetta,Gherardo,2007-05-22
Nerta_Marlie,2017,Nerta,Marlie,2005-10-04
Dorene_Kussell,4249,Dorene,Kussell,1978-01-22
Debee_Millda,2510,Debee,Millda,1960-09-05
Cherrita_Mathilde,2438,Cherrita,Mathilde,2000-07-27
Sara-Ann_McLaughlin,6742,Sara-Ann,McLaughlin,1949-07-03
Camile_Socha,6803,Camile,Socha,1980-06-15
Althea_Chabot,5561,Althea,Chabot,1949-03-05
Valli_Hermes,7690,Valli,Hermes,1980-07-31
Max_Cavan,6457,Max,Cavan,1933-01-18
Deedee_Alfons,5270,Deedee,Alfons,1982-04-19
Fawne_Chem,9838,Fawne,Chem,1987-01-06
Nickie_Ruvolo,7911,Nickie,Ruvolo,1955-03-25
Antonietta_Blake,7379,Antonietta,Blake,1983-02-10
Linet_Paton,2521,Linet,Paton,1947-12-17
Damaris_Hieronymus,9455,Damaris,Hieronymus,1979-03-10
Dione_Orpah,1298,Dione,Orpah,1999-08-11
Gabriellia_Leary,3225,Gabriellia,Leary,1937-09-12
Sissy_Jotham,3040,Sissy,Jotham,1938-03-18
Carree_Rooney,5703,Carree,Rooney,1974-07-02
Cordi_Ruvolo,2849,Cordi,Ruvolo,1961-05-28
Ulrike_Mehalek,6549,Ulrike,Mehalek,1969-08-14
Sean_Orelee,2335,Sean,Orelee,1979-11-07
Nelle_Catie,9046,Nelle,Catie,1938-10-09
Danika_Clara,6507,Danika,Clara,1942-11-10
Nelle_Noman,1541,Nelle,Noman,1954-08-28
Coral_Doig,5935,Coral,Doig,1940-11-14
Mahalia_Carleen,3607,Mahalia,Carleen,1976-02-06
Monika_Shirberg,2541,Monika,Shirberg,1994-04-21
Lynde_Linehan,7928,Lynde,Linehan,1947-04-07
Wanda_Ashok,6450,Wanda,Ashok,1958-03-15
Doro_Alice,6729,Doro,Alice,1960-10-28
Cristine_Serilda,4704,Cristine,Serilda,1989-10-06
Ronna_Egbert,3017,Ronna,Egbert,1939-05-19
Valera_Cherianne,3696,Valera,Cherianne,1965-03-09
Jany_Kelula,7022,Jany,Kelula,1936-04-17
Jere_Verger,6958,Jere,Verger,1963-01-23
Phylis_Percy,2144,Phylis,Percy,1947-01-27
Etta_Knowling,8105,Etta,Knowling,1939-10-13
Camile_Hirsch,6284,Camile,Hirsch,1936-01-26
Johna_Wolfgram,3265,Johna,Wolfgram,1947-05-28
Ardys_Paine,8925,Ardys,Paine,1992-03-14
Rochette_Pettiford,9876,Rochette,Pettiford,1953-04-10
Chrystel_Couture,4478,Chrystel,Couture,1953-09-28
Nariko_Hunfredo,8459,Nariko,Hunfredo,1937-04-20
Elyssa_Stelle,4636,Elyssa,Stelle,1946-07-11
Ardeen_Hylan,7858,Ardeen,Hylan,2005-11-17
Max_Tannie,4601,Max,Tannie,1972-05-31
Diena_Lipson,9948,Diena,Lipson,1996-10-19
Priscilla_Hurley,9284,Priscilla,Hurley,1941-11-25
Hermione_Hathaway,7481,Hermione,Hathaway,1932-05-09
Gabi_Concha,9460,Gabi,Concha,1998-01-30
Dyann_Allina,4511,Dyann,Allina,1971-09-08
Tierney_Beebe,5645,Tierney,Beebe,1941-07-14
Laurene_Payson,2756,Laurene,Payson,1930-03-23
Renie_Leifeste,7750,Renie,Leifeste,1962-11-09
Amalie_Donell,7593,Amalie,Donell,1939-11-01
Marguerite_Korey,7906,Marguerite,Korey,1996-07-22
Dorothy_Edee,5726,Dorothy,Edee,1992-04-28
Atlanta_Randene,9756,Atlanta,Randene,1932-12-26
Meriel_Dex,1391,Meriel,Dex,1940-08-04
Maisey_Mathilde,2048,Maisey,Mathilde,2003-06-29
Clementine_Laverne,1077,Clementine,Laverne,1955-11-16
Aurore_Gaynor,7012,Aurore,Gaynor,1967-09-15
Bettine_Septima,3181,Bettine,Septima,1979-12-10
Hildegaard_Pernick,3035,Hildegaard,Pernick,1980-10-10
Clo_Sperling,1992,Clo,Sperling,1969-04-10
Starla_Romelda,7619,Starla,Romelda,1952-11-25
Neila_Guthrie,2938,Neila,Guthrie,1998-03-08
Melanie_Kathie,2986,Melanie,Kathie,1946-12-20
Fred_Toffic,9625,Fred,Toffic,1986-09-07
Janis_Ovid,4724,Janis,Ovid,1945-04-14
Tiffie_Doig,4950,Tiffie,Doig,1944-01-14
Willetta_Macey,8350,Willetta,Macey,1983-10-10
Deane_Zina,1301,Deane,Zina,1959-06-15
Cassandra_Wind,9057,Cassandra,Wind,1936-03-02
Sheree_Horan,2913,Sheree,Horan,1974-07-13
Sue_Dyche,4758,Sue,Dyche,1987-01-27
Kalina_Cordi,7875,Kalina,Cordi,1998-12-09
Phylis_Ardra,1601,Phylis,Ardra,1932-05-26
Augustine_Blase,5924,Augustine,Blase,1938-07-16
Queenie_Primalia,4632,Queenie,Primalia,1989-04-04
Catrina_Vernier,6040,Catrina,Vernier,1959-02-05
Courtnay_Paine,8235,Courtnay,Paine,1993-11-26
Johna_Elisha,1139,Johna,Elisha,1934-06-29
Merry_Ortrude,1329,Merry,Ortrude,1936-03-20
Mureil_Milson,3624,Mureil,Milson,1931-09-25
Sybille_Hebner,8357,Sybille,Hebner,2003-05-17
Jasmina_Esmaria,9175,Jasmina,Esmaria,1952-10-29
Dorene_Lytton,2330,Dorene,Lytton,1964-03-07
Chrystel_Granoff,2873,Chrystel,Granoff,1956-09-19
Renae_Roarke,6494,Renae,Roarke,1953-09-22
Atlanta_Imelida,4793,Atlanta,Imelida,2000-11-12
Georgina_Melony,9002,Georgina,Melony,1978-10-25
Millie_Erich,3831,Millie,Erich,1961-07-13
Orelia_Morrill,9927,Orelia,Morrill,1955-10-06
Alyda_Valerio,6454,Alyda,Valerio,1998-07-15
Andree_Oster,6812,Andree,Oster,1954-11-15
Kayla_Garrison,7191,Kayla,Garrison,1988-03-23
Monika_Kiersten,9575,Monika,Kiersten,1992-02-04
Heddie_Desai,5161,Heddie,Desai,1962-05-02
Mathilda_Decato,7327,Mathilda,Decato,1967-01-19
Lita_Shuler,7160,Lita,Shuler,1940-12-18
Mahalia_Bronk,9160,Mahalia,Bronk,1966-07-17
Nickie_Myrilla,9854,Nickie,Myrilla,1973-05-06
Sophia_Atcliffe,1357,Sophia,Atcliffe,1958-03-16
Sissy_Engdahl,1759,Sissy,Engdahl,1936-08-22
Blondelle_Gert,1298,Blondelle,Gert,1946-03-18
Mureil_Thornburg,8357,Mureil,Thornburg,1995-12-22
Katharina_Sacken,2614,Katharina,Sacken,1983-06-17
Alleen_Abram,2498,Alleen,Abram,1961-05-16
Brooks_Lauraine,2337,Brooks,Lauraine,1989-01-11
Lita_Bow,7946,Lita,Bow,1998-08-31
Iseabal_Hylan,2701,Iseabal,Hylan,1955-04-17
Orsola_Brenn,1884,Orsola,Brenn,1939-01-17
Marsiella_Ardra,8765,Marsiella,Ardra,1935-10-10
Adelle_Tacye,9957,Adelle,Tacye,1938-07-26
Bee_Gaulin,6400,Bee,Gaulin,1949-10-04
Marcelline_Marden,1078,Marcelline,Marden,1931-01-08
Kittie_Caitlin,3830,Kittie,Caitlin,2005-12-11
Devina_Ingra,5389,Devina,Ingra,1976-01-27
Yetty_Krystle,9614,Yetty,Krystle,1947-06-17
Cherilyn_Arne,2790,Cherilyn,Arne,1963-10-21
Ellette_Ethban,1982,Ellette,Ethban,2007-03-29
Di_Sisile,3762,Di,Sisile,1972-01-04
Orsola_Barney,6759,Orsola,Barney,1955-10-24
Tina_Byrne,8105,Tina,Byrne,1998-08-26
Arlena_Matthew,5867,Arlena,Matthew,1971-04-22
Agathe_Ries,7890,Agathe,Ries,1970-04-20
Lisette_Kosey,1089,Lisette,Kosey,1937-07-02
Brandise_Read,4227,Brandise,Read,1986-04-19
Vanessa_My,1590,Vanessa,My,1976-05-16
Bill_Sperling,3488,Bill,Sperling,1989-03-26
Margarette_Sekofski,3450,Margarette,Sekofski,1954-11-24
Elbertina_Virgin,3958,Elbertina,Virgin,1933-06-09
Gratia_Damarra,7439,Gratia,Damarra,1942-01-24
Queenie_Vale,4016,Queenie,Vale,1951-01-29
Fina_Riordan,8904,Fina,Riordan,1983-10-08
Lynea_Urias,4654,Lynea,Urias,1996-07-26
Liana_Rustice,2328,Liana,Rustice,1988-12-30
Elbertina_Chesna,2246,Elbertina,Chesna,1970-09-19
Odessa_Noelyn,8121,Odessa,Noelyn,1990-03-08
Tatiania_Lareena,7295,Tatiania,Lareena,1972-12-22
Briney_Blase,4625,Briney,Blase,1962-09-24
Demetris_Ajay,3125,Demetris,Ajay,1952-04-20
Viviene_Bendick,7338,Viviene,Bendick,1937-04-20
Doro_Colbert,6925,Doro,Colbert,1974-03-03
Flo_Ioab,2505,Flo,Ioab,1936-01-17
Frieda_Tiffa,6510,Frieda,Tiffa,1959-07-27
Janenna_Auberbach,4312,Janenna,Auberbach,1976-05-05
Gertrud_Codding,2963,Gertrud,Codding,1997-01-18
Kirbee_Maroney,9295,Kirbee,Maroney,2006-02-13
Melanie_Merna,4295,Melanie,Merna,1953-08-08
Sindee_Bultman,1841,Sindee,Bultman,2004-08-10
Kimmy_Andrel,9179,Kimmy,Andrel,1964-04-01
Kayla_Roumell,6244,Kayla,Roumell,1943-03-20
Deane_Atcliffe,3407,Deane,Atcliffe,1989-02-20
Joceline_Albertine,5346,Joceline,Albertine,1995-08-15
Agathe_Leffen,4557,Agathe,Leffen,1986-08-12
Rosaline_Slifka,4877,Rosaline,Slifka,1985-01-16
Maridel_Billye,2146,Maridel,Billye,1938-08-31
Micheline_Naor,9153,Micheline,Naor,1941-09-11
Hildegaard_Kat,7761,Hildegaard,Kat,1939-10-09
Kore_Georgy,5435,Kore,Georgy,1987-06-07
Dulce_Kiyoshi,1795,Dulce,Kiyoshi,2008-12-07
Merrie_Brackely,4763,Merrie,Brackely,2005-02-02
Gilligan_Sandye,3923,Gilligan,Sandye,1965-09-22
Lorie_Raseda,6084,Lorie,Raseda,1949-11-16
Selma_Erlandson,8569,Selma,Erlandson,1944-03-28
Hope_Wooster,4270,Hope,Wooster,1982-04-19
Betta_Holtz,9630,Betta,Holtz,1948-06-22
Darlleen_Drus,7239,Darlleen,Drus,1930-08-10
Tiffie_Faso,1691,Tiffie,Faso,1943-11-27
Sadie_Dermott,8498,Sadie,Dermott,2003-09-10
Romona_Natica,1891,Romona,Natica,1971-09-19
Leeanne_Emmy,2905,Leeanne,Emmy,2004-05-07
Adele_Hepsibah,9059,Adele,Hepsibah,1970-10-22
Elbertina_Johnsson,9686,Elbertina,Johnsson,1947-11-09
Josephine_Eben,6618,Josephine,Eben,1948-11-08
Loree_Stevy,6658,Loree,Stevy,1975-11-15
Esmeralda_Stephie,2848,Esmeralda,Stephie,1932-12-30
Steffane_Narton,9238,Steffane,Narton,1931-01-20
Trudie_Kiyoshi,1647,Trudie,Kiyoshi,2004-07-20
Hannis_August,2853,Hannis,August,1966-08-11
Monika_Baptlsta,8297,Monika,Baptlsta,1932-04-15
Lynde_Brackely,2581,Lynde,Brackely,1997-02-02
Lilith_Ellerey,4608,Lilith,Ellerey,1987-06-02
Lorne_Marlie,5723,Lorne,Marlie,2008-11-23
Tani_Knowling,5803,Tani,Knowling,1944-10-23
Jaclyn_Alcott,8817,Jaclyn,Alcott,1954-12-18
Meg_Lacombe,1633,Meg,Lacombe,2000-12-26
Judy_Lacombe,7544,Judy,Lacombe,1988-09-09
Latisha_Pettiford,1389,Latisha,Pettiford,1943-06-28
Jsandye_Adalbert,6030,Jsandye,Adalbert,1955-02-24
Cherilyn_Alwin,8574,Cherilyn,Alwin,2008-09-09
Miquela_Myrilla,3356,Miquela,Myrilla,1947-03-20
Adore_Swigart,4970,Adore,Swigart,1961-03-02
Corina_Duwalt,6262,Corina,Duwalt,1997-04-24
Asia_Alisia,6611,Asia,Alisia,2001-04-03
Kylynn_Armanda,4531,Kylynn,Armanda,1943-11-22
Konstance_Zachary,3306,Konstance,Zachary,1995-02-07
Gwyneth_Robertson,7843,Gwyneth,Robertson,1933-03-21
Lorne_Arne,6387,Lorne,Arne,1986-06-28
Gilligan_Gemini,3187,Gilligan,Gemini,1970-03-28
Stacey_Trey,2724,Stacey,Trey,2001-06-25
Barbara_Faso,2240,Barbara,Faso,1935-08-16
Chandra_Noelyn,4133,Chandra,Noelyn,1947-02-17
Fanny_Allina,4891,Fanny,Allina,1980-02-19
Melina_Hewitt,3016,Melina,Hewitt,1982-10-10
Reeba_Daegal,5120,Reeba,Daegal,1981-08-03
Pearline_Hubert,3931,Pearline,Hubert,1963-06-14
Neila_Franza,6516,Neila,Franza,1950-11-14
Consuela_Euridice,6858,Consuela,Euridice,1934-11-20
Chandra_Timon,7022,Chandra,Timon,2002-02-19
Verla_Toni,5581,Verla,Toni,1937-07-16
Wanda_Dex,6295,Wanda,Dex,1962-07-30
Cam_Edvard,8891,Cam,Edvard,2005-07-01
Wileen_Lutero,4026,Wileen,Lutero,1979-09-16
Jany_Kolnick,9559,Jany,Kolnick,1944-04-16
Gusty_Arquit,1238,Gusty,Arquit,1969-09-22
Sara-Ann_Ruvolo,8436,Sara-Ann,Ruvolo,1948-03-08
Ethel_Lacombe,8274,Ethel,Lacombe,1971-08-02
Edith_Granoff,9491,Edith,Granoff,1931-02-26
Max_Ilka,4024,Max,Ilka,1988-11-22
Lonnie_Niles,6761,Lonnie,Niles,1978-03-28
Nikki_Lauraine,5554,Nikki,Lauraine,1948-07-02
Edith_Chobot,6998,Edith,Chobot,1973-08-14
Dotty_Cavan,1241,Dotty,Cavan,1933-12-18
Tori_Estella,1237,Tori,Estella,1997-03-18
Hope_Jobi,2545,Hope,Jobi,1979-11-10
Maurene_Thema,3375,Maurene,Thema,1993-09-30
Asia_Bergman,6733,Asia,Bergman,1977-08-03
Ashlee_Candy,6165,Ashlee,Candy,1958-07-08
Gisela_Tatianas,3827,Gisela,Tatianas,2001-09-14
Melanie_Crudden,7702,Melanie,Crudden,2005-01-11
Bernie_Astra,4630,Bernie,Astra,1957-05-16
Magdalena_Sikorski,8614,Magdalena,Sikorski,1990-07-29
Belva_Cleo,7037,Belva,Cleo,1930-10-30
Belinda_Schlosser,3915,Belinda,Schlosser,1985-05-13
Valera_Malvino,6572,Valera,Malvino,1972-03-27
Deane_Belldas,7396,Deane,Belldas,1931-09-04
Olivette_Yate,1422,Olivette,Yate,1959-08-19
Stephanie_Terencio,1355,Stephanie,Terencio,1980-07-29
Rori_Konyn,5924,Rori,Konyn,2005-01-27
Lenna_Levey,5164,Lenna,Levey,1994-07-19
Karolina_Klemperer,4918,Karolina,Klemperer,1965-11-21
Kary_Dahlia,4989,Kary,Dahlia,2001-11-23
Heddie_Kathie,7029,Heddie,Kathie,2004-09-20
Joeann_Sherfield,3711,Joeann,Sherfield,1945-08-31
Wendi_Yorick,3759,Wendi,Yorick,1966-06-19
Elise_Dahlia,8604,Elise,Dahlia,1990-09-09
Mariele_Chem,7697,Mariele,Chem,1974-10-19
Joy_Bow,6613,Joy,Bow,1966-02-18
Adore_Daniele,2382,Adore,Daniele,2006-10-16
Caritta_Bryna,1394,Caritta,Bryna,1986-07-11
Kathy_Revkah,6799,Kathy,Revkah,1966-05-14
Regina_Warthman,7628,Regina,Warthman,1993-05-07
Grier_Gibbeon,2182,Grier,Gibbeon,1954-07-23
Leontine_Kaete,7507,Leontine,Kaete,2005-06-23
Anica_Johanna,8926,Anica,Johanna,1949-02-01
Maridel_Teddman,7768,Maridel,Teddman,1936-08-29
Rubie_Bollay,7041,Rubie,Bollay,1950-03-30
Amii_Elsinore,2720,Amii,Elsinore,1942-01-30
Oona_Fontana,8082,Oona,Fontana,1990-03-28
Mara_Gaynor,6308,Mara,Gaynor,1956-05-15
Tera_Friede,5285,Tera,Friede,2009-11-10
Jean_Brandice,9749,Jean,Brandice,1948-03-24
Ivett_Telfer,1710,Ivett,Telfer,1955-11-11
Kaia_Durware,7224,Kaia,Durware,1992-04-13
Magdalena_Ammann,6634,Magdalena,Ammann,2009-07-24
Paulita_Roarke,4874,Paulita,Roarke,1984-11-25
Chickie_Keily,4133,Chickie,Keily,1966-04-17
Trixi_Garlinda,9485,Trixi,Garlinda,1935-09-17
Johna_Giule,4084,Johna,Giule,1968-09-06
Nataline_Obed,5631,Nataline,Obed,1986-12-22
Sharai_Dominy,6545,Sharai,Dominy,1980-05-18
Laurene_Kunin,1178,Laurene,Kunin,1944-08-06
Cacilie_Phyllis,3389,Cacilie,Phyllis,1993-11-14
Jenilee_Laurianne,3665,Jenilee,Laurianne,1987-08-05
Ileana_Donell,6122,Ileana,Donell,1954-12-07
Carree_McCutcheon,5754,Carree,McCutcheon,1930-03-16
Florencia_Carolin,3865,Florencia,Carolin,1934-01-07
Averyl_Hillel,8911,Averyl,Hillel,1956-08-31
Bernie_Gordon,7870,Bernie,Gordon,2007-05-28
Lita_My,6298,Lita,My,1992-09-28
Bobinette_Revkah,4761,Bobinette,Revkah,1933-07-24
Rori_Bord,1371,Rori,Bord,1968-12-22
Sabina_Publia,3986,Sabina,Publia,1934-07-27
Mady_Sammons,3812,Mady,Sammons,1941-12-11
Renae_Roche,5726,Renae,Roche,1968-07-18
Andeee_Kussell,4872,Andeee,Kussell,1977-03-27
Briney_Bach,8422,Briney,Bach,1965-08-08
Leanna_Bohlin,9995,Leanna,Bohlin,1977-08-21
Anica_Shelba,9051,Anica,Shelba,1951-12-22
Fanchon_Urias,7292,Fanchon,Urias,1943-02-20
Priscilla_Edmund,8427,Priscilla,Edmund,1942-08-17
Flo_Amasa,4429,Flo,Amasa,1996-05-06
Lorie_Posner,6635,Lorie,Posner,1988-03-11
Ottilie_Kravits,5122,Ottilie,Kravits,1996-04-23
Heida_Hoenack,5588,Heida,Hoenack,1997-11-11
Zsa Zsa_Leler,2093,Zsa Zsa,Leler,1946-06-23
Kore_Waite,1390,Kore,Waite,2009-01-24
Caritta_Kiersten,5967,Caritta,Kiersten,1948-06-08
Monika_Blisse,3112,Monika,Blisse,1963-08-18
Florie_Bronk,5903,Florie,Bronk,1943-05-23
Carolina_Nisbet,7850,Carolina,Nisbet,1963-07-15
Gerianna_Marden,5075,Gerianna,Marden,1984-03-13
Mureil_Saunderson,5662,Mureil,Saunderson,1992-01-25
Karena_Lipson,5114,Karena,Lipson,1988-10-24
Lanna_Ackerley,4832,Lanna,Ackerley,1976-07-09
Lilith_Mullane,6789,Lilith,Mullane,1971-07-06
Quintina_Trace,7879,Quintina,Trace,2004-10-18
Myriam_Cloris,7114,Myriam,Cloris,1988-01-18
Jenda_Creamer,7113,Jenda,Creamer,2002-01-19
Dania_Klemperer,4468,Dania,Klemperer,1935-07-07
Shandie_Wooster,2347,Shandie,Wooster,1990-01-17
Valli_Chem,6426,Valli,Chem,1977-02-24
Jessy_Remmer,7757,Jessy,Remmer,1954-04-03
Marita_Kimmie,2213,Marita,Kimmie,1930-12-10
Malina_Boycey,3180,Malina,Boycey,2008-08-31
Joy_Carmena,2371,Joy,Carmena,1987-07-13
Briney_Vorster,2618,Briney,Vorster,1967-08-30
Dawn_Myrilla,9761,Dawn,Myrilla,2006-12-19
Priscilla_Hull,3091,Priscilla,Hull,1983-10-22
Micheline_Harriman,9377,Micheline,Harriman,1966-09-27
Nyssa_Papageno,1394,Nyssa,Papageno,1935-08-21
Gisela_Isacco,1669,Gisela,Isacco,1978-07-22
Aeriela_Lissi,6339,Aeriela,Lissi,1965-03-14
Sharlene_Kenney,9200,Sharlene,Kenney,1991-08-17
Anica_Land,7554,Anica,Land,1972-03-29
Shirlee_Felecia,8344,Shirlee,Felecia,1966-02-03
Zsa Zsa_Ophelia,7631,Zsa Zsa,Ophelia,2008-08-08
Jean_Letsou,5675,Jean,Letsou,1962-05-03
Collen_Love,9115,Collen,Love,1948-02-13
Justinn_Alexandr,9451,Justinn,Alexandr,1950-02-24
Courtnay_Nadia,6224,Courtnay,Nadia,1963-05-19
Bee_Garek,6712,Bee,Garek,1932-12-03
Bernardine_Dyche,9195,Bernardine,Dyche,1956-11-22
Dorice_Ade,2889,Dorice,Ade,1996-10-31
Madeleine_Baylor,6783,Madeleine,Baylor,1998-12-09
Kelly_Delila,7091,Kelly,Delila,1989-10-24
Elora_Hollingsworth,2334,Elora,Hollingsworth,1942-04-22
Charissa_Leary,1455,Charissa,Leary,1958-08-21
Rhoda_Vary,9601,Rhoda,Vary,1974-11-02
Jerry_Lucienne,2947,Jerry,Lucienne,1932-06-20
Camile_Matthew,5014,Camile,Matthew,1970-08-10
Drucie_Brodench,7924,Drucie,Brodench,1954-08-22
Karly_Ammann,6590,Karly,Ammann,1992-08-12
Marika_Santoro,6395,Marika,Santoro,1956-11-15
Melisent_Charity,1757,Melisent,Charity,1945-03-23
Judy_Ilka,4407,Judy,Ilka,2002-08-14
Britni_Kirbee,9419,Britni,Kirbee,1979-07-27
Amara_Gerge,7932,Amara,Gerge,1952-09-16
Ernesta_Nore,3226,Ernesta,Nore,1985-01-27
Deedee_Lacombe,2996,Deedee,Lacombe,1980-06-30
Shauna_Colleen,8468,Shauna,Colleen,1956-07-16
Jobi_Schonfeld,6861,Jobi,Schonfeld,1936-10-08
Harmonia_Bluh,3988,Harmonia,Bluh,1939-11-08
Ermengarde_Ciapas,3533,Ermengarde,Ciapas,2000-05-20
Elie_Ovid,7353,Elie,Ovid,1999-12-18
Angelique_Emanuel,1803,Angelique,Emanuel,1993-01-03
Kirbee_Callista,9623,Kirbee,Callista,1936-07-29
Sam_Andrel,9399,Sam,Andrel,1987-09-06
Nadine_Lalitta,5445,Nadine,Lalitta,2003-11-24
Kial_Stephie,3586,Kial,Stephie,1935-06-20
Lilith_Dichy,1904,Lilith,Dichy,1963-02-28
Renie_Hessler,4286,Renie,Hessler,1969-06-06
Donnie_Han,3907,Donnie,Han,1955-04-13
Suzette_Gaynor,2706,Suzette,Gaynor,1931-12-30
Dominga_Ventre,4709,Dominga,Ventre,1962-01-20
Jacquetta_Mich,4822,Jacquetta,Mich,1981-08-13
Lelah_Riordan,2642,Lelah,Riordan,1999-02-09
Jenda_Sundin,1673,Jenda,Sundin,2006-02-21
Berget_Lewes,6595,Berget,Lewes,1972-11-01
Mariann_Podvin,8270,Mariann,Podvin,2007-10-07
Ursulina_O'Carroll,6048,Ursulina,O'Carroll,1994-12-27
Inga_Suzetta,2905,Inga,Suzetta,1976-06-15
Brietta_Pillsbury,4508,Brietta,Pillsbury,1979-01-18
Britte_Pip,4432,Britte,Pip,1997-11-28
Jemie_Nerita,9189,Jemie,Nerita,2002-05-19
Odessa_Taima,1515,Odessa,Taima,1990-02-25
Georgina_Lewes,7744,Georgina,Lewes,1932-07-03
Danny_Girardo,8961,Danny,Girardo,1999-04-06
Andeee_Klotz,8318,Andeee,Klotz,1993-11-23
Ottilie_Nelsen,6839,Ottilie,Nelsen,1956-07-22
Arlina_Raama,6084,Arlina,Raama,1996-03-24
Lita_Delila,5876,Lita,Delila,1962-12-25
Kerrin_Emerson,1729,Kerrin,Emerson,1979-03-02
Frank_Cullin,2023,Frank,Cullin,1958-11-16
Cyndie_Birdella,3306,Cyndie,Birdella,1936-04-18
Carmencita_Lorain,2330,Carmencita,Lorain,1968-01-12
Max_Carbo,6438,Max,Carbo,1937-11-24
Susan_Cloris,4185,Susan,Cloris,1989-08-06
Max_Giff,1948,Max,Giff,1972-06-06
Tori_Maurine,2407,Tori,Maurine,1970-02-08
Eve_Colyer,9968,Eve,Colyer,1988-05-15
Lisette_Yam,6942,Lisette,Yam,1961-07-07
Meriel_Orlene,8269,Meriel,Orlene,1957-04-05
Sashenka_Kress,4982,Sashenka,Kress,1974-08-27
Kaja_Nicoline,9740,Kaja,Nicoline,1974-01-04
Starla_Yate,9021,Starla,Yate,2003-06-08
Charlena_Hanshaw,9381,Charlena,Hanshaw,1968-01-28
Rhea_Dearborn,5894,Rhea,Dearborn,1981-09-02
Ernesta_Evangelia,4404,Ernesta,Evangelia,1990-11-15
Karina_Amand,9846,Karina,Amand,1984-08-03
Lexine_Reidar,9988,Lexine,Reidar,1946-07-15
Kenna_Wilona,3157,Kenna,Wilona,1966-02-06
Caressa_Tjon,5307,Caressa,Tjon,1982-11-30
Valera_Vharat,4006,Valera,Vharat,1954-12-08
Shauna_Waldron,6270,Shauna,Waldron,1931-09-29
Catrina_Klotz,3905,Catrina,Klotz,1981-06-25
Beverley_Schroth,1258,Beverley,Schroth,1980-02-03
Hannis_Catie,8619,Hannis,Catie,1995-08-29
Arlina_Syd,9551,Arlina,Syd,1978-06-29
Rani_Dom,9329,Rani,Dom,1996-01-30
Jerry_Wesle,9675,Jerry,Wesle,2004-03-12
Debee_Masao,8218,Debee,Masao,1964-11-27
Janenna_Ulphia,6507,Janenna,Ulphia,2003-09-27
Adriana_Soneson,2761,Adriana,Soneson,1935-03-27
Elka_Wareing,6364,Elka,Wareing,2000-11-05
Marcelline_Borrell,6804,Marcelline,Borrell,1998-05-09
Karina_Nerita,8606,Karina,Nerita,1941-11-29
Brandise_Velick,2454,Brandise,Velick,1935-03-03
June_Annice,4744,June,Annice,1988-01-28
Marika_Lynn,7484,Marika,Lynn,1949-08-23
Nadine_Darian,6608,Nadine,Darian,1977-04-26
Veda_Faro,4871,Veda,Faro,1975-12-03
Bill_Hoban,3736,Bill,Hoban,1988-09-12
Shannah_Kaete,6873,Shannah,Kaete,1951-03-20
Liana_Dominy,3921,Liana,Dominy,1995-08-23
Sara-Ann_Adlare,1586,Sara-Ann,Adlare,1980-05-27
Lelah_Lattie,4585,Lelah,Lattie,1943-11-22
Lita_Bibi,3539,Lita,Bibi,1974-05-12
Katharina_Belldas,9567,Katharina,Belldas,2008-11-23
Frieda_Khorma,9043,Frieda,Khorma,1998-08-08
Babita_Natica,5216,Babita,Natica,1954-01-25
Anica_Kauppi,2542,Anica,Kauppi,2002-03-07
Brianna_Talia,3221,Brianna,Talia,1952-11-22
Tracey_Solitta,4708,Tracey,Solitta,1952-05-31
Trudie_Freddi,4450,Trudie,Freddi,2007-12-24
Trixi_Sacken,5164,Trixi,Sacken,1966-05-18
Caressa_Nickola,7604,Caressa,Nickola,1993-12-07
Ebonee_Simmonds,8184,Ebonee,Simmonds,1975-08-25
Sissy_Buffum,8557,Sissy,Buffum,1994-10-23
Fina_Allina,7636,Fina,Allina,1935-01-28
Penelopa_Noelyn,3721,Penelopa,Noelyn,1943-01-17
Corly_Gavrila,6543,Corly,Gavrila,2002-10-07
Silvana_Fiester,8443,Silvana,Fiester,1931-10-22
Cam_Brodench,7829,Cam,Brodench,1940-08-08
Britni_Dalli,6780,Britni,Dalli,1969-04-13
Corry_Read,7910,Corry,Read,1949-06-01
Britni_Helve,5179,Britni,Helve,2006-05-18
Dione_Torray,6750,Dione,Torray,1949-07-10
Cindelyn_Elisha,2522,Cindelyn,Elisha,1954-09-24
Jobi_Colp,1578,Jobi,Colp,1934-03-20
Babita_Wind,5952,Babita,Wind,1986-05-24
Lesly_Monaco,8516,Lesly,Monaco,1946-01-26
Jemie_Stelle,6615,Jemie,Stelle,1983-10-14
Karena_Marcellus,9086,Karena,Marcellus,1937-10-08
Flo_Emerson,4788,Flo,Emerson,1937-09-02
Tami_Girardo,1375,Tami,Girardo,1953-11-10
Daune_Gherardo,3784,Daune,Gherardo,1943-04-03
Dawn_Hazlett,5762,Dawn,Hazlett,1968-09-24
Sara-Ann_Dorothy,8653,Sara-Ann,Dorothy,1998-08-04
Lila_Etom,8331,Lila,Etom,1951-11-30
Marti_Jacinda,8780,Marti,Jacinda,1987-06-12
Rivalee_Buttaro,5321,Rivalee,Buttaro,2006-11-02
Tamqrah_Ingra,1710,Tamqrah,Ingra,1932-09-21
Mildrid_Skell,5520,Mildrid,Skell,2000-11-26
Imojean_Quent,7210,Imojean,Quent,1951-04-17
Deirdre_Bendick,5368,Deirdre,Bendick,1979-06-06
Esmeralda_Cecile,2976,Esmeralda,Cecile,1975-06-22
Ninnetta_Erb,7262,Ninnetta,Erb,1932-10-31
Hayley_Buttaro,9632,Hayley,Buttaro,1940-09-05
Maud_Lane,5570,Maud,Lane,1973-08-26
Randa_Berl,4214,Randa,Berl,1951-04-01
Kerrin_Sasnett,9638,Kerrin,Sasnett,1962-02-26
Heddie_Gert,7485,Heddie,Gert,1960-01-24
Anthia_Colbert,3067,Anthia,Colbert,1947-01-22
Claudina_Vharat,7619,Claudina,Vharat,1987-06-28
Caritta_Gombach,5045,Caritta,Gombach,1991-09-22
Marsiella_Behre,8365,Marsiella,Behre,1975-12-04
Blondelle_Munn,6382,Blondelle,Munn,1942-06-07
Verla_Myrilla,8819,Verla,Myrilla,1973-01-19
Sue_Georas,2195,Sue,Georas,1987-09-01
Rhoda_Sheedy,9900,Rhoda,Sheedy,1935-10-23
Antonietta_Sibyls,5511,Antonietta,Sibyls,1962-12-13
Rhoda_Gale,8709,Rhoda,Gale,1988-10-16
Linet_Lamoree,5291,Linet,Lamoree,1980-03-03
Maurene_Nerita,6473,Maurene,Nerita,1948-10-06
Dennie_Ralfston,4772,Dennie,Ralfston,1940-01-24
Fayre_Sundin,1855,Fayre,Sundin,2000-05-07
Madelle_Stephie,5185,Madelle,Stephie,1942-02-10
Babita_Hermes,9018,Babita,Hermes,1936-08-30
Darlleen_Bates,5217,Darlleen,Bates,1959-01-03
Ardeen_Masao,2772,Ardeen,Masao,1969-07-12
Alie_Harl,9664,Alie,Harl,1964-04-18
Tilly_Adore,4750,Tilly,Adore,1975-10-19
Esmeralda_Jerold,1479,Esmeralda,Jerold,1983-09-25
Regina_Thilda,3534,Regina,Thilda,1956-11-29
Vinita_Yam,9915,Vinita,Yam,1943-04-17
Ketti_Girardo,6989,Ketti,Girardo,1939-05-13
Nyssa_Vins,6573,Nyssa,Vins,1944-05-17
Harmonia_Maiah,4680,Harmonia,Maiah,1941-01-29
Tami_Atcliffe,2124,Tami,Atcliffe,1978-06-12
Randa_Morgun,6249,Randa,Morgun,1996-09-02
Ida_Tice,5753,Ida,Tice,2002-08-18
Daryl_Croix,3477,Daryl,Croix,1983-04-01
Catrina_Velick,2470,Catrina,Velick,1958-01-05
Winny_Stover,3284,Winny,Stover,1935-05-30
Doro_Ochs,9802,Doro,Ochs,1933-12-22
Allis_Ranjiv,9105,Allis,Ranjiv,1992-11-24
Abbie_Noelyn,6642,Abbie,Noelyn,1946-02-16
Madeleine_Lucienne,3211,Madeleine,Lucienne,1958-06-09
Norine_Kylander,2083,Norine,Kylander,1936-12-10
Dorice_Mata,3778,Dorice,Mata,1941-12-20
Lusa_Thar,7145,Lusa,Thar,1988-10-05
Agnese_Dulciana,6192,Agnese,Dulciana,1997-05-11
Kristina_MacIntosh,8637,Kristina,MacIntosh,1937-07-14
Celestyna_Plato,7554,Celestyna,Plato,2007-03-11
Audrie_Dorcy,1229,Audrie,Dorcy,2009-02-07
Lanae_Jacinda,6810,Lanae,Jacinda,1983-10-28
Aryn_Madaih,5428,Aryn,Madaih,1939-11-06
Hollie_Woodberry,9054,Hollie,Woodberry,1987-05-13
Madelle_Wesle,4283,Madelle,Wesle,1937-01-27
Dolli_Raseda,8169,Dolli,Raseda,2006-03-10
Roz_Melony,5969,Roz,Melony,1943-08-23
Ida_Alrich,5522,Ida,Alrich,1930-05-16
Shaine_Devlen,1986,Shaine,Devlen,1953-12-26
Leona_Wooster,4909,Leona,Wooster,1936-03-16
Joane_Laurianne,6131,Joane,Laurianne,1937-04-04
Frank_Whiffen,1802,Frank,Whiffen,1983-06-26
Maud_Donell,4664,Maud,Donell,1930-09-05
Donetta_Friede,2342,Donetta,Friede,1968-08-06
Neila_Vittoria,8620,Neila,Vittoria,1992-06-10
Katharina_Bouchard,7939,Katharina,Bouchard,1992-08-06
Maud_Dudley,9630,Maud,Dudley,2008-08-28
Marylou_Orpah,7504,Marylou,Orpah,2000-06-22
Daune_Ashely,9553,Daune,Ashely,1964-01-01
Hollie_Bouchard,7759,Hollie,Bouchard,1936-08-09
Gloria_Behre,7646,Gloria,Behre,2008-01-22
Hermione_Margarete,4405,Hermione,Margarete,1994-08-31
Tarra_Madox,3741,Tarra,Madox,1937-09-04
Fawne_Bevin,2516,Fawne,Bevin,1934-05-14
Silvana_Gilbertson,9159,Silvana,Gilbertson,1938-04-03
Lanna_Norvol,5676,Lanna,Norvol,1943-08-11
Etta_Hoenack,6328,Etta,Hoenack,1996-01-14
Camile_Gillan,4089,Camile,Gillan,1937-04-16
Lyssa_Wittie,9534,Lyssa,Wittie,1960-06-22
Asia_Maxi,7881,Asia,Maxi,1991-10-09
Bernardine_Chinua,8411,Bernardine,Chinua,1962-12-24
Ursulina_Viddah,3819,Ursulina,Viddah,1950-09-23
Lynde_Woodberry,7096,Lynde,Woodberry,1931-02-15
Beatriz_Edison,5932,Beatriz,Edison,1948-01-02
Ardys_Dorothy,9228,Ardys,Dorothy,1974-09-20
Shannah_Noam,3411,Shannah,Noam,1962-09-11
Melisent_Campball,9735,Melisent,Campball,1954-07-30
Therine_Jalbert,2153,Therine,Jalbert,1988-01-22
Annaliese_Stilwell,1152,Annaliese,Stilwell,1976-04-23
Kittie_Friede,7856,Kittie,Friede,1972-03-27
Janenna_Urias,4176,Janenna,Urias,1960-12-11
Candy_Adlare,3215,Candy,Adlare,1968-11-21
Caritta_Stoller,9653,Caritta,Stoller,1955-08-10
Sheelagh_Kazimir,9140,Sheelagh,Kazimir,1991-03-22
Rani_Gaal,8552,Rani,Gaal,1984-03-03
Ada_Lynn,5467,Ada,Lynn,1983-12-14
Beverley_Whittaker,1987,Beverley,Whittaker,1975-12-30
Theodora_Hoban,9903,Theodora,Hoban,1930-03-25
Desirae_Alfons,6301,Desirae,Alfons,1955-02-26
Modestia_Thunell,9520,Modestia,Thunell,1976-08-01
Georgetta_Hachmin,9166,Georgetta,Hachmin,1999-06-25
Esmeralda_Stanwood,3217,Esmeralda,Stanwood,1986-05-02
Sybille_Durware,8626,Sybille,Durware,1958-02-17
Jsandye_Mintz,5810,Jsandye,Mintz,1939-10-26
Eve_Whiffen,9478,Eve,Whiffen,1976-08-06
Janenna_Heisel,6690,Janenna,Heisel,1930-05-16
Sam_Berriman,9896,Sam,Berriman,1995-06-01
Sindee_Nunci,5947,Sindee,Nunci,1939-06-20
Luci_Uund,4151,Luci,Uund,1956-10-18
Marika_Darian,3403,Marika,Darian,1940-10-21
Leeanne_Pauly,5276,Leeanne,Pauly,1941-03-11
Winifred_Tice,9640,Winifred,Tice,1971-05-31
Lila_Thema,4054,Lila,Thema,1984-11-12
Sindee_Alejoa,3320,Sindee,Alejoa,2002-10-28
Kittie_Bettine,2688,Kittie,Bettine,2000-01-29
Sonni_Malanie,8920,Sonni,Malanie,1959-02-15
Regina_Pearse,6722,Regina,Pearse,1940-11-08
Lucy_Kirbee,2818,Lucy,Kirbee,1968-06-05
Danika_Warthman,4064,Danika,Warthman,1974-02-24
Ronna_Winthorpe,1896,Ronna,Winthorpe,1961-12-09
Dotty_Lorenz,2404,Dotty,Lorenz,1953-08-21
Maridel_Rillings,3292,Maridel,Rillings,1951-11-28
Amii_Mitzi,8165,Amii,Mitzi,1965-12-09
Susette_Emanuel,1520,Susette,Emanuel,2009-02-07
Livvyy_Edvard,6317,Livvyy,Edvard,1965-10-08
Emilia_Stanwood,7060,Emilia,Stanwood,1994-05-04
Odessa_Stuart,3931,Odessa,Stuart,1942-04-29
Lily_Toor,3736,Lily,Toor,1993-08-08
Hermione_Rona,5111,Hermione,Rona,1987-01-01
Valera_Carolin,3437,Valera,Carolin,1964-09-26
Jeanna_Dreda,4414,Jeanna,Dreda,1939-08-14
Randa_Eben,3230,Randa,Eben,2000-05-03
Candi_Hertzfeld,4376,Candi,Hertzfeld,1944-09-28
Leanna_Gert,8939,Leanna,Gert,1960-04-01
Stevana_Anestassia,8924,Stevana,Anestassia,2008-07-12
Berget_Engdahl,2333,Berget,Engdahl,2000-11-24
Lucille_Kress,5161,Lucille,Kress,1985-10-13
Ginnie_Afton,8215,Ginnie,Afton,1970-02-16
Valeda_Schonfeld,5947,Valeda,Schonfeld,1959-10-02
Janeczka_Dyche,4164,Janeczka,Dyche,1962-12-29
Raf_Minetta,2751,Raf,Minetta,1974-03-06
Jsandye_Cherianne,2375,Jsandye,Cherianne,1958-03-04
Carol-Jean_Corilla,1548,Carol-Jean,Corilla,1930-05-24
Maud_Neils,8815,Maud,Neils,1972-12-31
Lenna_Francyne,4559,Lenna,Francyne,1996-11-17
Annora_Sperling,9764,Annora,Sperling,1974-01-28
Malina_Sprage,7835,Malina,Sprage,1949-09-09
Henriette_Kenney,5535,Henriette,Kenney,1995-10-27
Angelique_Hathaway,8122,Angelique,Hathaway,1971-11-29
Florencia_Atcliffe,4694,Florencia,Atcliffe,1960-12-25
Jemie_Linehan,3505,Jemie,Linehan,1932-07-31
Zondra_Tiffa,4817,Zondra,Tiffa,2000-05-29
Darci_Vharat,8750,Darci,Vharat,1995-02-14
Tabbatha_Rosalba,8871,Tabbatha,Rosalba,1994-04-07
Cassandra_Bow,2447,Cassandra,Bow,1966-08-31
Latisha_Grosz,7760,Latisha,Grosz,1985-06-12
Harmonia_Ralfston,5120,Harmonia,Ralfston,1954-07-21
Orelia_Loeb,5740,Orelia,Loeb,1984-09-18
Shirlee_Peg,2042,Shirlee,Peg,1975-12-08
Giustina_Lewes,6923,Giustina,Lewes,1932-04-23
Jinny_Dunkin,5211,Jinny,Dunkin,1958-10-24
Isa_Knowling,1272,Isa,Knowling,1978-04-21
Theodora_Bollay,2888,Theodora,Bollay,1946-09-02
Gwenneth_Koehler,9090,Gwenneth,Koehler,1995-12-03
Aubrie_Harriman,9061,Aubrie,Harriman,1972-04-18
Madelle_Malina,9310,Madelle,Malina,1981-01-01
Elise_Noam,6484,Elise,Noam,1943-09-14
Gui_Callista,6243,Gui,Callista,1981-11-10
Blinni_Rurik,8714,Blinni,Rurik,1971-10-03
Willetta_Kathie,4953,Willetta,Kathie,1978-05-09
Lizzie_Marijo,1217,Lizzie,Marijo,1969-10-20
Lisette_Ailyn,9769,Lisette,Ailyn,2002-01-22
Fawne_Carmena,4779,Fawne,Carmena,1957-01-06
Nyssa_Melony,8830,Nyssa,Melony,2001-11-26
Mamie_Sawtelle,1466,Mamie,Sawtelle,1998-05-20
Dulce_Chabot,3955,Dulce,Chabot,1999-11-12
Yolane_Fredi,5611,Yolane,Fredi,1994-07-26
Rivalee_Toni,5199,Rivalee,Toni,2006-11-27
Sonni_Faust,5849,Sonni,Faust,2009-06-06
Gerrie_Harned,3034,Gerrie,Harned,1934-08-14
Quintina_Sadowski,4392,Quintina,Sadowski,1932-10-10
Robbi_Colbert,5050,Robbi,Colbert,1964-03-14
Cherilyn_Blase,4686,Cherilyn,Blase,2002-10-25
Hettie_Zrike,5573,Hettie,Zrike,1985-10-04
Miquela_Helve,1778,Miquela,Helve,1978-04-23
Tobe_Craggie,5830,Tobe,Craggie,1966-11-30
Juliane_Brenn,1382,Juliane,Brenn,1985-01-19
Hayley_Christal,5592,Hayley,Christal,1990-08-24
Claresta_Pacorro,3963,Claresta,Pacorro,2008-06-27
Sara-Ann_Stevy,7867,Sara-Ann,Stevy,1997-05-13
Maud_Shelba,2750,Maud,Shelba,2003-09-03
Leontine_Libna,2272,Leontine,Libna,1993-05-30
Marcelline_An,1417,Marcelline,An,1947-08-12
Ardeen_Knowling,4429,Ardeen,Knowling,1993-01-28
Ethel_Dunkin,8953,Ethel,Dunkin,1997-08-19
Randa_Naor,3841,Randa,Naor,1966-06-12
Pamella_Emmy,3553,Pamella,Emmy,1946-06-03
Lenna_Ferrell,7565,Lenna,Ferrell,1990-01-31
Giustina_Joni,3038,Giustina,Joni,1957-02-21
Sibella_Mich,8949,Sibella,Mich,1934-05-07
Ilse_Teryn,6266,Ilse,Teryn,1939-10-30
Caressa_Harday,2668,Caressa,Harday,2004-02-20
Darci_Kaja,8205,Darci,Kaja,1942-09-18
Karolina_Harriman,7735,Karolina,Harriman,1960-04-05
Ernesta_Bandeen,7068,Ernesta,Bandeen,1963-12-06
Lauryn_Zina,6877,Lauryn,Zina,1973-04-20
Zia_Jenness,4833,Zia,Jenness,1947-08-12
Randa_Valerio,3535,Randa,Valerio,1945-10-14
Olwen_Maryanne,7823,Olwen,Maryanne,1995-01-20
Eolanda_Brotherson,7605,Eolanda,Brotherson,1997-07-30
Genevra_An,8184,Genevra,An,1931-12-09
Nariko_Norvol,8508,Nariko,Norvol,1955-10-23
Max_Bearnard,5639,Max,Bearnard,2008-04-18
Elka_Lynn,9821,Elka,Lynn,1936-01-07
Codie_Elo,8345,Codie,Elo,1983-04-02
Halette_Dermott,2700,Halette,Dermott,1960-10-17
Teddie_Sandye,1796,Teddie,Sandye,1938-07-11
Brana_Baylor,1297,Brana,Baylor,1931-06-21
Sabina_Moseley,1306,Sabina,Moseley,1992-12-14
Miquela_Hazlett,9655,Miquela,Hazlett,1979-07-05
Edith_Bates,5641,Edith,Bates,1965-03-04
Heida_Dorothy,4770,Heida,Dorothy,1976-12-24
Gabi_Mandler,9841,Gabi,Mandler,1940-01-24
Farrah_Gillan,1149,Farrah,Gillan,2005-01-11
Beverley_McAdams,1405,Beverley,McAdams,1974-03-13
Jackie_Prober,5851,Jackie,Prober,1963-10-12
Gisela_Kat,4347,Gisela,Kat,1944-07-28
Shell_Briney,2604,Shell,Briney,1933-04-19
Willetta_Felecia,9544,Willetta,Felecia,2002-09-20
Fred_Brian,5942,Fred,Brian,1960-06-07
Livvyy_Norvol,4008,Livvyy,Norvol,1962-10-12
Arabel_Jenness,4797,Arabel,Jenness,1963-01-31
Marleah_Posner,3997,Marleah,Posner,1947-06-05
Brynna_Tomasina,5440,Brynna,Tomasina,1940-12-06
Audrie_Angelis,6636,Audrie,Angelis,1942-04-06
Jerry_Newell,4562,Jerry,Newell,1983-09-14
Ida_Irmine,7169,Ida,Irmine,1932-04-11
Doro_Ax,4163,Doro,Ax,1961-06-29
Linzy_Oneida,2647,Linzy,Oneida,1947-02-04
Delilah_Primalia,2401,Delilah,Primalia,1930-09-22
Sophia_Simmonds,4593,Sophia,Simmonds,1995-05-28
Kittie_Girardo,6636,Kittie,Girardo,1979-05-19
Correy_Grimbly,9295,Correy,Grimbly,1952-03-18
Ethel_Giff,8096,Ethel,Giff,2002-10-25
Gertrud_Dominy,4843,Gertrud,Dominy,1932-12-14
Edith_Ferino,6118,Edith,Ferino,1991-06-20
Benita_Sikorski,3592,Benita,Sikorski,1951-03-02
Lacie_Carri,5600,Lacie,Carri,1993-11-27
Roslyn_Erminia,6909,Roslyn,Erminia,1995-12-30
Benita_Phi,8750,Benita,Phi,1969-12-08
Jan_Iphlgenia,1731,Jan,Iphlgenia,1984-06-15
Magdalena_Guthrie,5167,Magdalena,Guthrie,1950-12-07
Margette_Marijo,8767,Margette,Marijo,1956-06-16
Carmencita_Ricki,4881,Carmencita,Ricki,1997-07-25
Danny_Casimir,7677,Danny,Casimir,1945-03-18
Rivalee_Glovsky,7809,Rivalee,Glovsky,1997-07-21
Kristina_Gordon,8295,Kristina,Gordon,1968-12-03
Charmaine_Latini,6923,Charmaine,Latini,1945-05-18
Karlee_Ciapas,6077,Karlee,Ciapas,1939-08-24
Christian_Lorenz,8719,Christian,Lorenz,2007-08-06
Stacey_Thomasina,9065,Stacey,Thomasina,1935-05-13
Mignon_Fulmer,5558,Mignon,Fulmer,2003-03-21
Annabela_Kaete,1594,Annabela,Kaete,1978-12-03
Vere_Cecile,7884,Vere,Cecile,2000-07-20
Fred_Ovid,9447,Fred,Ovid,1995-08-17
Maridel_Leffen,2691,Maridel,Leffen,1938-03-22
Meghann_Publia,5772,Meghann,Publia,1943-08-08
Desirae_Papageno,3433,Desirae,Papageno,1948-01-18
Christy_Whiffen,6896,Christy,Whiffen,1941-02-04
Britni_Sperling,2018,Britni,Sperling,1962-12-19
Dotty_Bakerman,8493,Dotty,Bakerman,2008-03-06
Carlie_Euridice,3373,Carlie,Euridice,1997-06-30
Romona_Reinke,7573,Romona,Reinke,1968-12-25
Patricia_Harriman,8471,Patricia,Harriman,1975-11-18
Sue_Liva,1706,Sue,Liva,1969-12-11
Clary_Rillings,3799,Clary,Rillings,1956-12-05
Cristabel_Pacorro,8799,Cristabel,Pacorro,1966-02-10
Camile_Jacinda,5443,Camile,Jacinda,1971-12-18
Amalie_Brenn,9415,Amalie,Brenn,1984-01-14
Sashenka_Salchunas,6056,Sashenka,Salchunas,2002-04-04
Romona_Macey,7342,Romona,Macey,1952-08-11
Sue_Wadell,1371,Sue,Wadell,1983-05-19
Nollie_Kiersten,4744,Nollie,Kiersten,1930-10-23
Maud_Japeth,7577,Maud,Japeth,1993-09-24
Therine_Bow,6432,Therine,Bow,1930-07-02
Petronia_Laurianne,8786,Petronia,Laurianne,1963-01-02
Starla_Ietta,7900,Starla,Ietta,1978-09-08
Dolli_Olympium,6195,Dolli,Olympium,1933-04-13
Jennica_Publia,5591,Jennica,Publia,2004-03-27
Cathyleen_Delp,8980,Cathyleen,Delp,1974-05-28
Aili_Arley,7528,Aili,Arley,1986-02-22
Nollie_Juliet,1287,Nollie,Juliet,1990-03-02
Maisey_Gillan,4619,Maisey,Gillan,1962-01-27
Ethel_Rillings,5771,Ethel,Rillings,1958-04-20
Sean_Dawkins,9091,Sean,Dawkins,1930-06-23
Philis_Joseph,6396,Philis,Joseph,1937-04-29
Blinni_Brady,3801,Blinni,Brady,2006-04-27
Belva_Loeb,6944,Belva,Loeb,1961-03-10
Nariko_Alfons,9987,Nariko,Alfons,1986-02-06
Adelle_Publia,9752,Adelle,Publia,1990-12-13
Gianina_Moina,4461,Gianina,Moina,1973-03-09
Cacilie_Gaspard,4824,Cacilie,Gaspard,1968-07-22
Talya_Ietta,2207,Talya,Ietta,1976-07-10
Aurelie_Georas,9238,Aurelie,Georas,1954-02-03
Wileen_Noelyn,7042,Wileen,Noelyn,2004-05-04
Darci_Monaco,4975,Darci,Monaco,1992-08-09
Arlena_Michella,6722,Arlena,Michella,2004-04-04
Ninnetta_Charity,3410,Ninnetta,Charity,1955-02-01
Beth_MacIntosh,3556,Beth,MacIntosh,1948-12-16
Paule_Anton,3083,Paule,Anton,1935-07-31
Yetty_Selway,8653,Yetty,Selway,1953-04-28
Vita_Blisse,6076,Vita,Blisse,1980-09-01
Fred_Belanger,2405,Fred,Belanger,1999-10-20
Justinn_Creamer,9506,Justinn,Creamer,1992-05-20
Andree_Arley,5237,Andree,Arley,1960-06-03
Phylis_Trinetta,8643,Phylis,Trinetta,1990-10-24
Adriana_Sharl,5609,Adriana,Sharl,1933-11-26
Mahalia_Chobot,7975,Mahalia,Chobot,1981-11-17
Modestia_Alwin,9867,Modestia,Alwin,1972-04-24
Myrtice_Dimitris,4598,Myrtice,Dimitris,1976-07-01
Tani_Alva,8443,Tani,Alva,1973-12-06
Verla_Behre,8153,Verla,Behre,1946-11-28
Mallory_Lytton,6572,Mallory,Lytton,1981-06-24
Roberta_Whittaker,6662,Roberta,Whittaker,1993-12-27
Iseabal_Merat,3223,Iseabal,Merat,1969-02-25
Evita_Gombach,6600,Evita,Gombach,2003-01-09
Heida_Annice,7762,Heida,Annice,1996-11-28
Glenda_Hubert,3786,Glenda,Hubert,1951-11-30
Lacie_Tillford,5930,Lacie,Tillford,1932-07-01
Elise_Schlosser,9665,Elise,Schlosser,1931-07-06
Jolyn_Mehalek,1973,Jolyn,Mehalek,1988-11-20
Kathy_Byrne,2926,Kathy,Byrne,1963-05-10
Kathi_Marisa,8845,Kathi,Marisa,1973-04-25
Jennica_Thornburg,7507,Jennica,Thornburg,1939-02-01
Letizia_Maiah,1217,Letizia,Maiah,1995-12-03
Dari_Jaylene,7536,Dari,Jaylene,1999-09-24
Roxane_Zetta,3844,Roxane,Zetta,1971-04-26
Regina_Salchunas,2756,Regina,Salchunas,2002-01-30
Valli_Raseda,5728,Valli,Raseda,1946-08-29
Demetris_Zina,4949,Demetris,Zina,1956-04-25
Wilma_Jaylene,8660,Wilma,Jaylene,2000-09-08
Tina_Burch,2999,Tina,Burch,1981-06-21
Patricia_Gaynor,4277,Patricia,Gaynor,1942-10-22
Dulce_Ashok,4717,Dulce,Ashok,1965-11-02
Aaren_Giff,2167,Aaren,Giff,1981-05-30
Phylis_Tarrant,4557,Phylis,Tarrant,1993-09-10
Coral_Raul,8265,Coral,Raul,1961-08-06
Eugine_Genna,4762,Eugine,Genna,1940-10-05
Cathyleen_Eiser,3499,Cathyleen,Eiser,1966-08-13
Chloris_Angelis,2682,Chloris,Angelis,1943-12-30
Jackie_Slifka,2639,Jackie,Slifka,2006-11-09
Ivett_Myrilla,6444,Ivett,Myrilla,1968-10-01
Dagmar_Greyson,6679,Dagmar,Greyson,1947-11-25
Wilma_Han,3784,Wilma,Han,2006-09-14
Sissy_Lewes,6908,Sissy,Lewes,1984-04-05
Arabel_Gregrory,7239,Arabel,Gregrory,1937-06-30
Kary_Krystle,2378,Kary,Krystle,1954-10-08
Jessamyn_Kellby,3970,Jessamyn,Kellby,2006-05-19
Charlena_Bow,3247,Charlena,Bow,1950-05-19
Damaris_Stelle,5358,Damaris,Stelle,1998-12-19
Courtnay_Read,6012,Courtnay,Read,1987-09-29
Rozele_Tremayne,4618,Rozele,Tremayne,1958-10-17
Philis_Decato,4052,Philis,Decato,1947-06-12
Elka_Barbey,7735,Elka,Barbey,1983-03-27
Melodie_Alva,7464,Melodie,Alva,1931-10-29
Anallese_Wilona,1208,Anallese,Wilona,1953-09-13
Viviene_Sallyann,7881,Viviene,Sallyann,1956-09-10
Tracey_Aida,2690,Tracey,Aida,1976-03-15
Dyann_Nunci,9906,Dyann,Nunci,1987-07-18
Fina_Elbertina,9335,Fina,Elbertina,2005-09-19
Donnie_Hilbert,6112,Donnie,Hilbert,1960-09-13
Sue_Liebermann,7358,Sue,Liebermann,1947-10-22
Monika_Loring,6781,Monika,Loring,1992-07-17
Corly_Zamora,4253,Corly,Zamora,2008-10-24
Celisse_Adore,5537,Celisse,Adore,1934-08-07
Hannis_Guthrie,2612,Hannis,Guthrie,1955-04-03
Genevra_Wiener,1706,Genevra,Wiener,2000-01-06
Zia_Meter,8037,Zia,Meter,1964-02-28
Andree_Rogerio,2059,Andree,Rogerio,1946-11-03
Lusa_Raffo,5164,Lusa,Raffo,1949-08-29
Farrah_Vittoria,1279,Farrah,Vittoria,1951-07-24
Elmira_Fennessy,2014,Elmira,Fennessy,1996-06-17
Annecorinne_Levey,3899,Annecorinne,Levey,2007-12-31
Ursulina_Evvie,9926,Ursulina,Evvie,1973-06-28
Leanna_Erminia,2597,Leanna,Erminia,1969-06-19
Imojean_Gale,2924,Imojean,Gale,1952-05-26
Dawn_Ethban,5239,Dawn,Ethban,1974-12-28
Deane_Jotham,5451,Deane,Jotham,1962-02-01
Mureil_Masao,7507,Mureil,Masao,1931-01-11
Daune_Prouty,1033,Daune,Prouty,2007-04-11
Aaren_Ezar,6779,Aaren,Ezar,1973-09-17
Gertrud_Kamaria,5464,Gertrud,Kamaria,1997-09-05
Justinn_Curren,5541,Justinn,Curren,1937-02-24
Raf_Dulciana,5703,Raf,Dulciana,1985-03-10
Alleen_Brenn,9331,Alleen,Brenn,1968-06-14
Rosaline_Cottle,2698,Rosaline,Cottle,2008-12-07
Hollie_Bennie,3339,Hollie,Bennie,1952-01-30
Drucie_Alejoa,8364,Drucie,Alejoa,1962-08-20
Christal_Pyle,8374,Christal,Pyle,1945-08-13
Annecorinne_August,5505,Annecorinne,August,2003-10-17
Elora_Olin,2911,Elora,Olin,1968-03-05
Nickie_Teryn,3020,Nickie,Teryn,1931-03-04
Eugine_Schroth,3302,Eugine,Schroth,1970-07-27
Adore_Stephie,1779,Adore,Stephie,1942-05-10
Jere_Selway,6072,Jere,Selway,1981-01-17
Aigneis_Schroth,5195,Aigneis,Schroth,1999-09-27
Helena_Firmin,2192,Helena,Firmin,1975-12-03
Kaja_Nester,8010,Kaja,Nester,1957-09-10
Carly_Kristi,9509,Carly,Kristi,2003-03-07
Charlena_Viddah,8597,Charlena,Viddah,1946-04-04
Susette_Fairweather,1489,Susette,Fairweather,1969-04-17
Leia_Evangelia,6136,Leia,Evangelia,2006-10-31
Kerrin_Ethban,4082,Kerrin,Ethban,1973-09-13
Carolina_Dulciana,8844,Carolina,Dulciana,1985-12-02
Mureil_Hedve,7793,Mureil,Hedve,1930-02-17
Yvonne_Cassius,2832,Yvonne,Cassius,1971-11-03
Danny_Middleton,8771,Danny,Middleton,1994-05-02
Doro_Casimir,7833,Doro,Casimir,1976-07-08
Lindie_Pascia,3390,Lindie,Pascia,1973-02-06
Tonia_Adlare,7576,Tonia,Adlare,1930-05-11
Kara-Lynn_Horan,9177,Kara-Lynn,Horan,1935-05-05
Marti_Garrison,1207,Marti,Garrison,1935-08-26
Raquela_Gilbertson,5415,Raquela,Gilbertson,1981-01-23
Abbie_Ezar,6860,Abbie,Ezar,1993-06-17
Courtnay_Melan,9522,Courtnay,Melan,1950-02-04
Cyndie_Love,2756,Cyndie,Love,1988-02-01
Bibby_Edmund,7776,Bibby,Edmund,1941-01-31
Marleah_Kylander,1991,Marleah,Kylander,1950-07-10
Talya_Cavan,1359,Talya,Cavan,1969-10-31
Starla_Merell,8398,Starla,Merell,1956-05-25
Wendi_Chrystel,2660,Wendi,Chrystel,1950-02-19
Antonietta_Darian,3797,Antonietta,Darian,2004-12-23
Margalo_Kiyoshi,2271,Margalo,Kiyoshi,1954-11-28
Gertrud_Shirberg,7752,Gertrud,Shirberg,1995-10-17
Lacie_Rolf,7586,Lacie,Rolf,1997-12-03
Belinda_Kannry,3867,Belinda,Kannry,1951-04-19
Carly_Zachary,1016,Carly,Zachary,1947-07-28
Carolina_Kimmie,6052,Carolina,Kimmie,1989-08-16
Miquela_Harl,7211,Miquela,Harl,2008-11-29
Moyna_Nikaniki,9532,Moyna,Nikaniki,1938-09-22
Beverley_Amasa,9198,Beverley,Amasa,1936-12-23
Lucy_Callista,8008,Lucy,Callista,1987-09-06
Bill_Ivens,1191,Bill,Ivens,1974-09-16
Aurelie_Land,7711,Aurelie,Land,2004-08-02
Dorothy_Anderea,2273,Dorothy,Anderea,1949-12-09
Genovera_Stover,1473,Genovera,Stover,1999-07-28
Alleen_Kat,4717,Alleen,Kat,1982-11-03
Jessamyn_Lory,1643,Jessamyn,Lory,1993-01-03
Almeta_Corabella,3799,Almeta,Corabella,1949-09-18
Katleen_Alcott,5101,Katleen,Alcott,1974-01-20
Alyda_Brieta,1286,Alyda,Brieta,1959-11-13
Layla_Neils,3828,Layla,Neils,1976-02-24
Blake_Claudine,9100,Blake,Claudine,1948-01-26
Renie_Atcliffe,9605,Renie,Atcliffe,1993-06-07
Lindie_Raama,4152,Lindie,Raama,1947-08-02
Claresta_Stevy,3791,Claresta,Stevy,1932-06-13
Bill_Ammann,1882,Bill,Ammann,1947-03-10
Maridel_Desai,9283,Maridel,Desai,1965-11-15
Berget_Lory,5592,Berget,Lory,1943-04-13
Hope_Kravits,8668,Hope,Kravits,1970-01-11
Stephanie_Tybald,2946,Stephanie,Tybald,1970-08-22
Sadie_Sisile,4551,Sadie,Sisile,1973-05-22
Lorenza_Rillings,9715,Lorenza,Rillings,1941-03-12
Janis_Bettine,8413,Janis,Bettine,1934-08-07
Harrietta_Gabrielli,8082,Harrietta,Gabrielli,1998-06-22
Amara_Velick,4813,Amara,Velick,2005-07-03
Mignon_Harriman,4016,Mignon,Harriman,1999-03-08
Robbi_Alva,6026,Robbi,Alva,1941-03-25
Susette_Silvan,2531,Susette,Silvan,1987-03-25
Raf_Joni,5282,Raf,Joni,1942-08-21
Olwen_Winthorpe,5958,Olwen,Winthorpe,1949-06-24
Minda_Palocz,8634,Minda,Palocz,1968-06-10
Nickie_Tremayne,5670,Nickie,Tremayne,1946-06-12
Esmeralda_Monk,9045,Esmeralda,Monk,1936-09-04
Berget_Monk,3803,Berget,Monk,1965-05-14
Dotty_Corilla,5500,Dotty,Corilla,1972-10-29
Kimberley_Kesley,1095,Kimberley,Kesley,1982-01-01
Ofilia_Gualtiero,8602,Ofilia,Gualtiero,1968-08-24
Emma_Elisha,9668,Emma,Elisha,1932-07-05
Abbie_Eugenia,3107,Abbie,Eugenia,1976-06-05
Darlleen_Tjon,4644,Darlleen,Tjon,1955-09-05
Merle_Lane,1071,Merle,Lane,1952-07-13
Wileen_Allina,7514,Wileen,Allina,1961-09-05
Tani_Ricarda,3967,Tani,Ricarda,1996-02-21
Desirae_Riordan,2815,Desirae,Riordan,2005-05-17
Maye_Lamoree,6352,Maye,Lamoree,1970-12-11
Tina_Anderea,1034,Tina,Anderea,1981-02-23
Ardenia_Demitria,4334,Ardenia,Demitria,1976-05-19
Brana_Lipson,7584,Brana,Lipson,1934-05-22
Marjie_Even,6164,Marjie,Even,2009-06-29
Amalie_Kamaria,7381,Amalie,Kamaria,1931-10-08
Helena_Barney,4576,Helena,Barney,1994-10-22
Sissy_Raychel,3792,Sissy,Raychel,1949-01-20
Althea_Colbert,9268,Althea,Colbert,1967-11-05
Kamilah_Valoniah,7839,Kamilah,Valoniah,1930-09-16
Blake_Hutchison,2956,Blake,Hutchison,1945-03-03
Hyacinthe_Dominy,9767,Hyacinthe,Dominy,1976-05-15
Roberta_Jacobah,8465,Roberta,Jacobah,1958-10-25
Eve_Bertold,9211,Eve,Bertold,1939-08-15
Binny_Pascia,4509,Binny,Pascia,2009-12-23
Christy_Juliet,5661,Christy,Juliet,2009-12-30
Roslyn_Paine,1792,Roslyn,Paine,1996-03-24
Benita_Artie,5773,Benita,Artie,1982-02-25
Viviene_Frodi,1750,Viviene,Frodi,1993-10-16
Lulita_Erminia,1916,Lulita,Erminia,1961-11-27
Lesly_Celestine,4843,Lesly,Celestine,1998-12-07
Bee_Bari,8526,Bee,Bari,1958-01-22
Belinda_Markman,3957,Belinda,Markman,1935-06-28
Regina_Wattenberg,4779,Regina,Wattenberg,1996-06-07
Dennie_Dawkins,7152,Dennie,Dawkins,1936-03-10
Harmonia_Faria,2716,Harmonia,Faria,1959-06-07
Rebeca_Sancho,5034,Rebeca,Sancho,1951-01-19
Jsandye_Hull,5458,Jsandye,Hull,1968-04-30
Lolita_Loring,9929,Lolita,Loring,1952-02-16
Nelle_Pattin,8705,Nelle,Pattin,1936-07-06
Orsola_Dudley,4261,Orsola,Dudley,2007-11-11
Steffane_Latini,5753,Steffane,Latini,2005-03-29
Brena_Dichy,1667,Brena,Dichy,1969-08-23
Gerianna_Kathie,7450,Gerianna,Kathie,1966-10-20
Shandie_Merna,9416,Shandie,Merna,2004-01-18
Aaren_Hamil,5300,Aaren,Hamil,1978-11-21
Marsiella_Himelman,8300,Marsiella,Himelman,1935-09-11
Antonietta_Schwejda,9708,Antonietta,Schwejda,2008-08-21
Eve_Vins,1763,Eve,Vins,1968-08-21
Aurore_Wilkinson,8562,Aurore,Wilkinson,1941-12-07
Averyl_Hepsibah,9224,Averyl,Hepsibah,1975-02-25